<?xml version="1.0" encoding="utf-8"?>
<extension group="system" method="upgrade" type="plugin" version="1.5">
	<name>System - Zen Shortcodes</name>
	<creationDate>Feb 2010</creationDate>
	<version>1.0</version>
	<author>Joomla Bamboo</author>
	<copyright>Copyright 2009 - joomlabamboo.com</copyright>
	<license>http://www.gnu.org/copyleft/lgpl.html</license>
	<authorEmail>design@joomlabamboo.com</authorEmail>
	<authorUrl>www.joomlabamboo.com.com</authorUrl>
	<description><![CDATA[
		<p style="line-height:180%;font-size:1.2em">
			Zen Shortcodes is a plugin built for Zen Grid Framework v4 compatible themes. Use it to render icons, layouts within content and buttons compatible with your template.</p>]]></description>
	<files>
		<filename plugin="zenshortcodes">zenshortcodes.php</filename>
		<folder>includes</folder>
	</files>
	<config>
		<fields addfieldpath="" name="params">
			<fieldset group="options" label="Options" name="options">
				<field default="1" description="This setting determines the icons to be used in the shortcode syntax." label="Font Awesome" name="icon_select" class="btn-group" type="radio">
					<option value="1">Enable</option>
					<option value="0">Disable</option>
				</field>
				<field default="" description="Enter a comma separated list of any custom icons you wish to display using the shortcodes syntax. The names enter below will be available using the following syntax {zen-yourcustomname}content{/zen-yourcustomname}. Items added here will be rendered within span classes using the following classes zen-icon zen-iconyourcustomname." label="Custom Icons" name="custom_icons" type="textarea">
				</field>
				<field default="" description="Enter a comma separated list of any custom syntax you wish to display using the shortcodes syntax. The items will be rendered according to the name entered here. eg {zen-customname}Your content{/zen-customname}. The resulting content will be output in a span class using the customname entered." label="Custom Syntax" name="custom_syntax" type="textarea">
				</field>
			</fieldset>
		</fields>
	</config>
	
</extension>
